NumberOfDependents,default
0.0,0.05806707330500077
0.05,0.07352941176470588
0.1,0.08113922753816208
0.15,0.08826320784561847
0.2,0.10377358490566038
0.25,0.09115281501340483
0.3,0.1518987341772152
0.35,0.09803921568627451
0.4,0.08333333333333333
0.45,0.0
0.5,0.0
0.65,0.0
1.0,0.0
